Tiempo,Ref,Angulo,Velocidad,PWM
3.528,80.02,-0.5,0.0005,223.0
3.538,80.02,-0.5,0.0016,223.0
3.548,80.02,-0.5,0.0027,223.0
3.558,80.02,-0.5,0.0027,223.0
3.568,80.02,-0.5,0.0048,223.0
3.578,80.02,-0.5,0.0101,223.0
3.588,80.02,-0.5,0.0165,224.0
3.598,80.02,-0.5,0.0229,224.0
3.608,80.02,-0.5,0.0325,224.0
3.618,80.02,-0.41,0.0452,226.0
3.628,80.02,-0.41,0.0591,227.0
3.638,80.02,-0.32,0.0772,229.0
3.648,80.02,-0.32,0.0963,230.0
3.658,80.02,-0.23,0.1176,232.0
3.668,80.02,-0.15,0.1421,234.0
3.678,80.02,-0.06,0.1676,237.0
3.688,80.02,0.12,0.1942,240.0
3.698,80.02,0.2,0.224,243.0
3.708,80.02,0.38,0.256,247.0
3.718,80.02,0.56,0.2879,251.0
3.728,80.02,0.73,0.3209,255.0
3.738,80.02,1.0,0.3539,260.0
3.748,80.02,1.17,0.39,264.0
3.758,80.02,1.44,0.4262,269.0
3.768,80.02,1.7,0.4582,274.0
3.778,80.02,2.05,0.4943,280.0
3.788,80.02,2.31,0.5305,286.0
3.798,80.02,2.67,0.5635,292.0
3.808,80.02,3.11,0.5986,299.0
3.818,80.02,3.46,0.6316,306.0
3.828,80.02,3.81,0.6625,312.0
3.838,80.02,4.25,0.6997,319.0
3.848,80.02,4.69,0.7274,327.0
3.858,80.02,5.13,0.7583,334.0
3.868,80.02,5.65,0.7945,343.0
3.878,80.02,6.09,0.8211,350.0
3.888,80.02,6.62,0.8445,358.0
3.898,80.02,7.15,0.8743,366.0
3.908,80.02,7.68,0.9062,375.0
3.918,80.02,8.29,0.936,384.0
3.928,80.02,8.82,0.9658,393.0
3.938,80.02,9.43,0.9945,402.0
3.948,80.02,10.05,1.0243,412.0
3.958,80.02,10.66,1.0573,421.0
3.968,80.02,11.37,1.0871,432.0
3.978,80.02,12.07,1.1127,442.0
3.988,80.02,12.77,1.1339,453.0
3.998,80.02,13.39,1.1574,462.0
4.008,80.02,14.18,1.1967,474.0
4.018,80.02,14.97,1.2436,486.0
4.028,80.02,15.76,1.2712,498.0
4.038,80.02,16.55,1.3074,483.0
4.048,80.02,17.34,1.3521,458.0
4.058,80.02,18.22,1.3819,440.0
4.068,80.02,19.1,1.4192,418.0
4.078,80.02,20.07,1.4404,405.0
4.088,80.02,20.95,1.466,389.0
4.098,80.02,21.91,1.4947,371.0
4.108,80.02,22.88,1.5117,360.0
4.118,80.02,23.76,1.5107,358.0
4.128,80.02,24.73,1.4937,364.0
4.138,80.02,25.61,1.467,376.0
4.148,80.02,26.48,1.4245,395.0
4.158,80.02,27.36,1.3723,420.0
4.168,80.02,28.15,1.3181,446.0
4.178,80.02,28.94,1.2478,481.0
4.188,80.02,29.65,1.1925,508.0
4.198,80.02,30.35,1.1095,549.0
4.208,80.02,30.97,1.0605,573.0
4.218,80.02,31.58,0.9839,611.0
4.228,80.02,32.11,0.9541,625.0
4.238,80.02,32.72,0.9147,643.0
4.248,80.02,33.25,0.8732,663.0
4.258,80.02,33.78,0.869,663.0
4.268,80.02,34.31,0.8828,654.0
4.278,80.02,34.83,0.9051,640.0
4.288,80.02,35.45,0.9381,620.0
4.298,80.02,36.06,0.9786,596.0
4.308,80.02,36.68,1.0201,571.0
4.318,80.02,37.38,1.069,542.0
4.328,80.02,38.09,1.1212,512.0
4.338,80.02,38.79,1.1754,480.0
4.348,80.02,39.58,1.2106,458.0
4.358,80.02,40.28,1.2329,442.0
4.368,80.02,41.07,1.235,437.0
4.378,80.02,41.78,1.2191,442.0
4.388,80.02,42.48,1.1893,454.0
4.398,80.02,43.18,1.1499,472.0
4.408,80.02,43.8,1.0935,498.0
4.418,80.02,44.41,1.0211,533.0
4.428,80.02,44.94,0.9349,575.0
4.438,80.02,45.47,0.8455,620.0
4.448,80.02,45.91,0.7657,659.0
4.458,80.02,46.26,0.7061,689.0
4.468,80.02,46.7,0.6487,716.0
4.478,80.02,47.05,0.6157,732.0
4.488,80.02,47.4,0.5976,739.0
4.498,80.02,47.75,0.5954,738.0
4.508,80.02,48.11,0.6082,729.0
4.518,80.02,48.54,0.638,711.0
4.528,80.02,48.98,0.6912,680.0
4.538,80.02,49.42,0.7466,648.0
4.548,80.02,49.86,0.8115,611.0
4.558,80.02,50.48,0.8743,574.0
4.568,80.02,51.01,0.9392,536.0
4.578,80.02,51.62,0.9796,511.0
4.589,80.02,52.24,1.019,486.0
4.599,80.02,52.85,1.0339,474.0
4.609,80.02,53.47,1.0233,475.0
4.619,80.02,54.08,0.9999,483.0
4.629,80.02,54.61,0.9637,498.0
4.639,80.02,55.14,0.9041,526.0
4.649,80.02,55.66,0.8211,566.0
4.659,80.02,56.02,0.7306,611.0
4.669,80.02,56.37,0.6444,653.0
4.679,80.02,56.72,0.5625,694.0
4.689,80.02,56.98,0.4922,729.0
4.699,80.02,57.25,0.4369,756.0
4.709,80.02,57.51,0.3943,777.0
4.719,80.02,57.69,0.3624,792.0
4.729,80.02,57.86,0.356,794.0
4.739,80.02,58.12,0.3698,785.0
4.749,80.02,58.3,0.4071,764.0
4.759,80.02,58.65,0.455,735.0
4.769,80.02,58.92,0.5252,696.0
4.779,80.02,59.36,0.5997,653.0
4.789,80.02,59.71,0.6763,610.0
4.799,80.02,60.15,0.7508,567.0
4.809,80.02,60.67,0.8072,533.0
4.819,80.02,61.2,0.853,504.0
4.829,80.02,61.73,0.8753,488.0
4.839,80.02,62.26,0.8796,489.0
4.849,80.02,62.69,0.853,491.0
4.859,80.02,63.13,0.8136,508.0
4.869,80.02,63.57,0.7423,541.0
4.879,80.02,63.93,0.6614,581.0
4.889,80.02,64.28,0.5678,627.0
4.899,80.02,64.54,0.4805,671.0
4.909,80.02,64.72,0.3954,714.0
4.919,80.02,64.89,0.3028,761.0
4.929,80.02,64.98,0.2272,800.0
4.939,80.02,65.07,0.1847,800.0
4.949,80.02,65.16,0.1453,800.0
4.959,80.02,65.24,0.1421,800.0
4.969,80.02,65.33,0.1559,800.0
4.979,80.02,65.51,0.1932,800.0
4.989,80.02,65.6,0.24,788.0
4.999,80.02,65.77,0.3028,753.0
5.009,80.02,66.03,0.3794,710.0
5.019,80.02,66.3,0.4614,664.0
5.029,80.02,66.65,0.5454,616.0
5.039,80.02,67.09,0.6199,573.0
5.049,80.02,67.44,0.6838,536.0
5.059,80.02,67.88,0.7306,514.0
5.069,80.02,68.32,0.7498,517.0
5.079,80.02,68.76,0.7402,519.0
5.089,80.02,69.2,0.7114,519.0
5.099,80.02,69.55,0.6593,527.0
5.109,80.02,69.9,0.5848,563.0
5.119,80.02,70.17,0.5103,599.0
5.129,80.02,70.34,0.4167,647.0
5.139,80.02,70.52,0.3156,698.0
5.149,80.02,70.61,0.223,746.0
5.159,80.02,70.69,0.1453,786.0
5.169,80.02,70.69,0.075,800.0
5.179,80.02,70.69,0.0314,800.0
5.189,80.02,70.69,0.0005,800.0
5.199,80.02,70.69,-0.0016,800.0
5.209,80.02,70.69,0.0122,800.0
5.219,80.02,70.78,0.0474,800.0
5.229,80.02,70.87,0.0942,800.0
5.239,80.02,70.96,0.1527,780.0
5.249,80.02,71.04,0.224,741.0
5.259,80.02,71.31,0.3028,697.0
5.269,80.02,71.48,0.3858,651.0
5.279,80.02,71.84,0.4645,606.0
5.289,80.02,72.1,0.5327,567.0
5.299,80.02,72.45,0.5805,538.0
5.309,80.02,72.8,0.6135,530.0
5.319,80.02,73.15,0.621,532.0
5.329,80.02,73.51,0.6018,533.0
5.339,80.02,73.86,0.5656,532.0
5.349,80.02,74.12,0.5092,557.0
5.359,80.02,74.38,0.4337,593.0
5.369,80.02,74.56,0.356,632.0
5.379,80.02,74.65,0.256,684.0
5.389,80.02,74.74,0.1634,732.0
5.399,80.02,74.82,0.0814,774.0
5.409,80.02,74.74,0.0005,800.0
5.419,80.02,74.74,-0.0473,800.0
5.429,80.02,74.65,-0.0867,800.0
5.439,80.02,74.56,-0.0963,800.0
5.449,80.02,74.56,-0.092,800.0
5.459,80.02,74.47,-0.0654,800.0
5.469,80.02,74.47,-0.0271,800.0
5.479,80.02,74.56,0.025,800.0
5.489,80.02,74.56,0.0878,774.0
5.499,80.02,74.74,0.1612,733.0
5.509,80.02,74.82,0.2411,690.0
5.519,80.02,75.09,0.323,644.0
5.529,80.02,75.35,0.3996,600.0
5.539,80.02,75.53,0.4592,567.0
5.549,80.02,75.88,0.5039,539.0
5.559,80.02,76.23,0.5316,539.0
5.569,80.02,76.49,0.5348,540.0
5.579,80.02,76.76,0.5103,539.0
5.589,80.02,77.02,0.4699,543.0
5.599,80.02,77.28,0.406,574.0
5.609,80.02,77.46,0.3283,613.0
5.619,80.02,77.55,0.2517,652.0
5.629,80.02,77.64,0.1527,703.0
5.639,80.02,77.64,0.0697,747.0
5.649,80.02,77.64,-0.0005,784.0
5.659,80.02,77.55,-0.074,800.0
5.669,80.02,77.46,-0.1112,800.0
5.679,80.02,77.37,-0.1389,800.0
5.689,80.02,77.28,-0.1378,800.0
5.699,80.02,77.28,-0.1187,800.0
5.709,80.02,77.2,-0.0846,800.0
5.719,80.02,77.2,-0.0367,800.0
5.729,80.02,77.28,0.0208,777.0
5.739,80.02,77.28,0.0921,740.0
5.749,80.02,77.37,0.1687,698.0
5.759,80.02,77.55,0.2474,654.0
5.769,80.02,77.72,0.3187,615.0
5.779,80.02,77.99,0.3794,579.0
5.789,80.02,78.25,0.4252,552.0
5.799,80.02,78.43,0.4475,541.0
5.809,80.02,78.78,0.4465,542.0
5.819,80.02,78.95,0.4284,542.0
5.829,80.02,79.22,0.3847,561.0
5.839,80.02,79.39,0.3305,588.0
5.849,80.02,79.48,0.2517,628.0
5.859,80.02,79.57,0.1815,664.0
5.869,80.02,79.66,0.0931,710.0
5.879,80.02,79.66,0.0122,752.0
5.889,80.02,79.57,-0.0484,785.0
5.899,80.02,79.48,-0.1133,800.0
5.909,80.02,79.39,-0.1421,800.0
5.919,80.02,79.31,-0.1633,800.0
5.929,80.02,79.22,-0.1591,800.0
5.939,80.02,79.13,-0.1367,800.0
5.949,80.02,79.13,-0.1038,800.0
5.959,80.02,79.04,-0.0537,795.0
5.969,80.02,79.13,0.0091,761.0
5.979,80.02,79.13,0.0772,725.0
5.989,80.02,79.31,0.1517,683.0
5.999,80.02,79.39,0.2262,643.0
6.009,80.02,79.57,0.2921,606.0
6.019,80.02,79.83,0.3475,573.0
6.029,80.02,80.01,0.3858,551.0
6.039,80.02,80.27,0.3996,544.0
6.049,80.02,80.45,0.3932,544.0
6.059,80.02,80.62,0.3677,552.0
6.069,80.02,80.8,0.3219,574.0
6.079,80.02,80.98,0.2602,605.0
6.089,80.02,81.06,0.1889,641.0
6.099,80.02,81.06,0.0995,688.0
6.109,80.02,81.06,0.0271,726.0
6.119,80.02,81.06,-0.0537,769.0
6.129,80.02,80.98,-0.1176,800.0
6.139,80.02,80.89,-0.1655,800.0
6.149,80.02,80.71,-0.1889,800.0
6.159,80.02,80.62,-0.1995,800.0
6.169,80.02,80.54,-0.1857,800.0
6.179,80.02,80.45,-0.1602,800.0
6.189,80.02,80.36,-0.1197,800.0
6.199,80.02,80.36,-0.0622,783.0
6.209,80.02,80.36,0.0059,747.0
6.219,80.02,80.45,0.0782,707.0
6.229,80.02,80.54,0.1559,665.0
6.239,80.02,80.71,0.2294,624.0
6.249,80.02,80.89,0.2943,588.0
6.259,80.02,81.06,0.3496,556.0
6.269,80.02,81.33,0.3826,545.0
6.279,80.02,81.5,0.39,546.0
6.289,80.02,81.77,0.3837,546.0
6.299,80.02,81.94,0.3464,546.0
6.309,80.02,82.12,0.2879,575.0
6.319,80.02,82.21,0.223,608.0
6.329,80.02,82.29,0.1485,646.0
6.339,80.02,82.29,0.0538,696.0
6.349,80.02,82.29,-0.0175,734.0
6.359,80.02,82.21,-0.0899,773.0
6.369,80.02,82.12,-0.1591,800.0
6.379,80.02,81.94,-0.2006,800.0
6.389,80.02,81.86,-0.2251,800.0
6.399,80.02,81.68,-0.2283,800.0
6.409,80.02,81.59,-0.2091,800.0
6.419,80.02,81.5,-0.1782,800.0
6.429,80.02,81.42,-0.1325,800.0
6.439,80.02,81.42,-0.0718,774.0
6.449,80.02,81.42,0.0005,736.0
6.459,80.02,81.5,0.074,696.0
6.469,80.02,81.59,0.1506,654.0
6.479,80.02,81.68,0.224,614.0
6.489,80.02,81.86,0.2836,581.0
6.499,80.02,82.03,0.3283,555.0
6.509,80.02,82.29,0.3443,545.0
6.519,80.02,82.47,0.3528,546.0
6.529,80.02,82.65,0.3283,547.0
6.539,80.02,82.82,0.2953,562.0
6.549,80.02,82.91,0.2325,594.0
6.559,80.02,83.0,0.1708,625.0
6.569,80.02,83.09,0.0889,667.0
6.579,80.02,83.0,0.0133,708.0
6.589,80.02,83.0,-0.0612,748.0
6.599,80.02,82.91,-0.1325,786.0
6.609,80.02,82.82,-0.1782,800.0
6.619,80.02,82.65,-0.2229,800.0
6.629,80.02,82.47,-0.2283,800.0
6.639,80.02,82.38,-0.2251,800.0
6.649,80.02,82.29,-0.2027,800.0
6.659,80.02,82.21,-0.1602,800.0
6.669,80.02,82.12,-0.1101,785.0
6.679,80.02,82.12,-0.0484,752.0
6.689,80.02,82.21,0.0229,714.0
6.699,80.02,82.21,0.0963,675.0
6.709,80.02,82.38,0.1719,633.0
6.719,80.02,82.47,0.2336,599.0
6.729,80.02,82.65,0.2815,571.0
6.739,80.02,82.82,0.3156,551.0
6.749,80.02,83.0,0.3251,545.0
6.759,80.02,83.17,0.3113,548.0
6.769,80.02,83.35,0.2858,560.0
6.779,80.02,83.53,0.2283,588.0
6.789,80.02,83.53,0.1655,621.0
6.799,80.02,83.61,0.091,659.0
6.809,80.02,83.53,0.0048,706.0
6.819,80.02,83.53,-0.0665,743.0
6.829,80.02,83.44,-0.1399,783.0
6.839,80.02,83.26,-0.191,800.0
6.849,80.02,83.17,-0.2336,800.0
6.859,80.02,83.0,-0.2453,800.0
6.869,80.02,82.91,-0.2453,800.0
6.879,80.02,82.73,-0.2229,800.0
6.889,80.02,82.65,-0.1836,800.0
6.899,80.02,82.56,-0.1367,793.0
6.909,80.02,82.56,-0.0665,756.0
6.919,80.02,82.56,0.0027,720.0
6.929,80.02,82.65,0.0782,679.0
6.939,80.02,82.73,0.1538,638.0
6.949,80.02,82.91,0.2208,600.0
6.959,80.02,83.0,0.2687,573.0
6.969,80.02,83.17,0.3017,554.0
6.979,80.02,83.44,0.3166,546.0
6.989,80.02,83.53,0.3017,549.0
6.999,80.02,83.7,0.273,562.0
7.009,80.02,83.88,0.224,585.0
7.019,80.02,83.88,0.1644,617.0
7.029,80.02,83.96,0.0836,658.0
7.039,80.02,83.96,0.0165,693.0
7.049,80.02,83.88,-0.0686,740.0
7.059,80.02,83.79,-0.1346,776.0
7.069,80.02,83.7,-0.191,800.0
7.079,80.02,83.53,-0.2347,800.0
7.089,80.02,83.35,-0.2496,800.0
7.099,80.02,83.26,-0.2474,800.0
7.109,80.02,83.09,-0.2315,800.0
7.119,80.02,83.0,-0.1931,800.0
7.129,80.02,82.91,-0.141,791.0
7.139,80.02,82.91,-0.0782,758.0
7.149,80.02,82.91,-0.008,721.0
7.159,80.02,83.0,0.0687,679.0
7.169,80.02,83.09,0.1442,638.0
7.179,80.02,83.17,0.2081,603.0
7.189,80.02,83.35,0.2591,574.0
7.199,80.02,83.53,0.2911,554.0
7.209,80.02,83.7,0.306,546.0
7.219,80.02,83.88,0.29,550.0
7.229,80.02,84.05,0.2613,563.0
7.239,80.02,84.14,0.2113,588.0
7.249,80.02,84.23,0.1506,619.0
7.259,80.02,84.23,0.0708,661.0
7.269,80.02,84.23,0.0037,697.0
7.279,80.02,84.14,-0.0782,741.0
7.289,80.02,84.05,-0.1442,777.0
7.299,80.02,83.88,-0.1931,800.0
7.309,80.02,83.79,-0.2368,800.0
7.319,80.02,83.61,-0.2549,800.0
7.329,80.02,83.44,-0.2517,800.0
7.339,80.02,83.35,-0.2378,800.0
7.349,80.02,83.26,-0.2006,800.0
7.359,80.02,83.17,-0.1516,793.0
7.369,80.02,83.09,-0.0942,764.0
7.379,80.02,83.09,-0.0261,728.0
7.389,80.02,83.17,0.0484,687.0
7.399,80.02,83.26,0.124,646.0
7.409,80.02,83.35,0.191,610.0
7.419,80.02,83.53,0.2443,579.0
7.429,80.02,83.7,0.2815,557.0
7.439,80.02,83.88,0.3038,546.0
7.449,80.02,84.05,0.2985,546.0
7.459,80.02,84.23,0.2783,552.0
7.469,80.02,84.32,0.2368,572.0
7.479,80.02,84.4,0.1815,600.0
7.489,80.02,84.4,0.107,640.0
7.499,80.02,84.4,0.0389,676.0
7.509,80.02,84.4,-0.0431,719.0
7.519,80.02,84.32,-0.1133,757.0
7.529,80.02,84.23,-0.1687,788.0
7.539,80.02,84.14,-0.2155,800.0
7.549,80.02,83.96,-0.2496,800.0
7.559,80.02,83.79,-0.2517,800.0
7.569,80.02,83.7,-0.2389,800.0
7.579,80.02,83.53,-0.2112,800.0
7.589,80.02,83.44,-0.1633,796.0
7.599,80.02,83.44,-0.108,766.0
7.609,80.02,83.35,-0.0431,733.0
7.619,80.02,83.44,0.0303,693.0
7.629,80.02,83.53,0.1016,654.0
7.639,80.02,83.53,0.1698,618.0
7.649,80.02,83.7,0.2219,589.0
7.659,80.02,83.88,0.2602,566.0
7.669,80.02,84.05,0.2836,551.0
7.679,80.02,84.23,0.2794,551.0
7.689,80.02,84.32,0.2623,559.0
7.699,80.02,84.49,0.2187,579.0
7.709,80.02,84.58,0.1666,606.0
7.719,80.02,84.58,0.0921,645.0
7.729,80.02,84.58,0.0261,680.0
7.739,80.02,84.58,-0.0537,722.0
7.749,80.02,84.49,-0.1187,758.0
7.759,80.02,84.32,-0.1846,795.0
7.769,80.02,84.23,-0.2283,800.0
7.779,80.02,84.05,-0.2527,800.0
7.789,80.02,83.88,-0.257,800.0
7.799,80.02,83.79,-0.2485,800.0
7.809,80.02,83.61,-0.2187,800.0
7.819,80.02,83.53,-0.1751,800.0
7.829,80.02,83.53,-0.1229,773.0
7.839,80.02,83.53,-0.0548,737.0
7.849,80.02,83.53,0.0208,697.0
7.859,80.02,83.53,0.0953,658.0
7.869,80.02,83.7,0.1644,619.0
7.879,80.02,83.79,0.2176,590.0
7.889,80.02,83.96,0.2623,564.0
7.899,80.02,84.14,0.2858,549.0
7.909,80.02,84.32,0.2847,547.0
7.919,80.02,84.4,0.2645,556.0
7.929,80.02,84.58,0.224,575.0
7.939,80.02,84.67,0.1708,602.0
7.949,80.02,84.67,0.0995,640.0
7.959,80.02,84.67,0.0303,676.0
7.969,80.02,84.67,-0.0505,719.0
7.979,80.02,84.58,-0.1144,754.0
7.989,80.02,84.49,-0.1761,788.0
7.999,80.02,84.32,-0.2208,800.0
8.009,80.02,84.23,-0.241,800.0
8.019,80.02,84.05,-0.2474,800.0
8.029,80.02,83.88,-0.2357,800.0
8.039,80.02,83.79,-0.2049,800.0
8.049,80.02,83.7,-0.1633,792.0
8.059,80.02,83.61,-0.1101,765.0
8.069,80.02,83.61,-0.0473,732.0
8.079,80.02,83.7,0.0229,694.0
8.089,80.02,83.7,0.091,658.0
8.099,80.02,83.88,0.1559,621.0
8.109,80.02,83.96,0.2113,591.0
8.119,80.02,84.14,0.2517,567.0
8.129,80.02,84.32,0.2772,551.0
8.139,80.02,84.4,0.2804,548.0
8.149,80.02,84.58,0.2602,556.0
8.159,80.02,84.76,0.2283,571.0
8.169,80.02,84.76,0.1655,604.0
8.179,80.02,84.84,0.1038,635.0
8.189,80.02,84.84,0.0303,674.0
8.199,80.02,84.84,-0.0484,716.0
8.209,80.02,84.76,-0.1091,749.0
8.219,80.02,84.67,-0.1825,789.0
8.229,80.02,84.49,-0.2229,800.0
8.239,80.02,84.32,-0.2496,800.0
8.249,80.02,84.23,-0.2559,800.0
8.259,80.02,84.05,-0.2527,800.0
8.269,80.02,83.96,-0.224,800.0
8.279,80.02,83.79,-0.1804,800.0
8.289,80.02,83.79,-0.1282,772.0
8.299,80.02,83.7,-0.0665,741.0
8.309,80.02,83.7,0.0069,702.0
8.319,80.02,83.79,0.0825,661.0
8.329,80.02,83.88,0.1559,621.0
8.339,80.02,84.05,0.2166,587.0
8.349,80.02,84.23,0.2591,562.0
8.359,80.02,84.4,0.2868,546.0
8.369,80.02,84.49,0.2868,546.0
8.379,80.02,84.67,0.273,548.0
8.389,80.02,84.76,0.2304,570.0
8.399,80.02,84.93,0.1804,594.0
8.409,80.02,84.93,0.1059,633.0
8.419,80.02,84.93,0.0389,668.0
8.429,80.02,84.93,-0.0463,713.0
8.439,80.02,84.84,-0.1218,754.0
8.449,80.02,84.67,-0.1751,785.0
8.459,80.02,84.58,-0.2347,800.0
8.469,80.02,84.4,-0.2591,800.0
8.479,80.02,84.23,-0.2698,800.0
8.489,80.02,84.14,-0.2602,800.0
8.499,80.02,83.96,-0.2347,800.0
8.509,80.02,83.88,-0.1974,800.0
8.519,80.02,83.79,-0.1453,781.0
8.529,80.02,83.79,-0.0814,747.0
8.539,80.02,83.79,-0.0101,710.0
8.549,80.02,83.79,0.0623,672.0
8.559,80.02,83.88,0.1293,635.0
8.569,80.02,84.05,0.1921,599.0
8.579,80.02,84.23,0.24,572.0
8.589,80.02,84.32,0.2677,556.0
8.599,80.02,84.49,0.2804,547.0
8.609,80.02,84.67,0.273,548.0
8.619,80.02,84.76,0.24,565.0
8.629,80.02,84.84,0.1953,587.0
8.639,80.02,84.93,0.1282,621.0
8.649,80.02,84.93,0.0569,659.0
8.659,80.02,84.93,-0.0069,692.0
8.669,80.02,84.84,-0.0942,740.0
8.679,80.02,84.76,-0.1559,774.0
8.689,80.02,84.67,-0.207,800.0
8.699,80.02,84.49,-0.2453,800.0
8.709,80.02,84.32,-0.2666,800.0
8.719,80.02,84.14,-0.2602,800.0
8.729,80.02,84.05,-0.2389,800.0
8.739,80.02,83.96,-0.2049,800.0
8.749,80.02,83.88,-0.157,786.0
8.759,80.02,83.79,-0.0942,754.0
8.769,80.02,83.79,-0.025,718.0
8.779,80.02,83.79,0.0431,682.0
8.789,80.02,83.88,0.1134,643.0
8.799,80.02,84.05,0.1761,608.0
8.809,80.02,84.14,0.2283,579.0
8.819,80.02,84.32,0.257,562.0
8.829,80.02,84.49,0.2709,552.0
8.839,80.02,84.58,0.2687,552.0
8.849,80.02,84.76,0.2347,567.0
8.859,80.02,84.84,0.1942,587.0
8.869,80.02,84.93,0.1314,619.0
8.879,80.02,84.93,0.0623,656.0
8.889,80.02,84.93,-0.0069,692.0
8.899,80.02,84.84,-0.0835,734.0
8.909,80.02,84.76,-0.1367,763.0
8.919,80.02,84.67,-0.1942,795.0
8.929,80.02,84.49,-0.2272,800.0
8.939,80.02,84.4,-0.2432,800.0
8.949,80.02,84.23,-0.2336,800.0
8.959,80.02,84.14,-0.2134,800.0
8.969,80.02,84.05,-0.1751,793.0
8.979,80.02,83.96,-0.1197,765.0
8.989,80.02,83.96,-0.0591,733.0
8.999,80.02,83.96,0.0112,696.0
9.009,80.02,84.05,0.0804,658.0
9.019,80.02,84.14,0.1453,623.0
9.029,80.02,84.23,0.2017,592.0
9.039,80.02,84.4,0.2368,571.0
9.049,80.02,84.49,0.2655,555.0
9.059,80.02,84.67,0.2687,551.0
9.069,80.02,84.84,0.2528,557.0
9.079,80.02,84.93,0.2187,573.0
9.089,80.02,85.02,0.1666,600.0
9.099,80.02,85.02,0.1006,634.0
9.109,80.02,85.02,0.0378,668.0
9.119,80.02,85.02,-0.0442,711.0
9.129,80.02,84.93,-0.1059,745.0
9.139,80.02,84.84,-0.1719,781.0
9.149,80.02,84.76,-0.2187,800.0
9.159,80.02,84.58,-0.241,800.0
9.169,80.02,84.4,-0.2559,800.0
9.179,80.02,84.23,-0.2485,800.0
9.189,80.02,84.14,-0.2198,800.0
9.2,80.02,84.05,-0.1804,796.0
9.209,80.02,83.96,-0.1282,770.0
9.22,80.02,83.96,-0.0622,735.0
9.23,80.02,84.05,0.0101,696.0
9.24,80.02,84.05,0.0804,658.0
9.25,80.02,84.14,0.1453,623.0
9.26,80.02,84.32,0.2049,589.0
9.27,80.02,84.4,0.2506,564.0
9.28,80.02,84.58,0.2698,551.0
9.29,80.02,84.76,0.2772,546.0
9.3,80.02,84.84,0.2549,555.0
9.31,80.02,85.02,0.2198,572.0
9.32,80.02,85.11,0.1634,600.0
9.33,80.02,85.11,0.0857,641.0
9.34,80.02,85.11,0.0197,676.0
9.35,80.02,85.11,-0.0505,713.0
9.36,80.02,85.02,-0.1314,757.0
9.37,80.02,84.84,-0.1846,787.0
9.38,80.02,84.76,-0.2325,800.0
9.39,80.02,84.58,-0.2517,800.0
9.4,80.02,84.4,-0.2666,800.0
9.41,80.02,84.32,-0.2506,800.0
9.42,80.02,84.14,-0.224,800.0
9.43,80.02,84.05,-0.1857,799.0
9.44,80.02,83.96,-0.1293,770.0
9.45,80.02,83.96,-0.0601,734.0
9.46,80.02,83.96,0.0112,696.0
9.47,80.02,84.05,0.0836,657.0
9.48,80.02,84.14,0.1495,621.0
9.49,80.02,84.32,0.2113,586.0
9.5,80.02,84.4,0.2517,563.0
9.51,80.02,84.58,0.274,549.0
9.52,80.02,84.76,0.2804,546.0
9.53,80.02,84.93,0.2591,552.0
9.54,80.02,85.02,0.2262,568.0
9.55,80.02,85.11,0.1623,601.0
9.56,80.02,85.19,0.107,629.0
9.57,80.02,85.19,0.0218,674.0
9.58,80.02,85.11,-0.0569,716.0
9.59,80.02,85.02,-0.1176,750.0
9.6,80.02,84.93,-0.1942,791.0
9.61,80.02,84.76,-0.2357,800.0
9.62,80.02,84.58,-0.2655,800.0
9.63,80.02,84.4,-0.2708,800.0
9.64,80.02,84.32,-0.2623,800.0
9.65,80.02,84.14,-0.2336,800.0
9.66,80.02,84.05,-0.1868,800.0
9.67,80.02,83.96,-0.1335,773.0
9.68,80.02,83.96,-0.0686,738.0
9.69,80.02,83.96,0.0048,700.0
9.7,80.02,84.05,0.0793,659.0
9.71,80.02,84.14,0.1495,621.0
9.72,80.02,84.32,0.2081,587.0
9.73,80.02,84.49,0.2528,561.0
9.74,80.02,84.58,0.2826,546.0
9.75,80.02,84.76,0.2847,546.0
9.76,80.02,84.93,0.273,546.0
9.77,80.02,85.02,0.2325,565.0
9.78,80.02,85.11,0.1857,588.0
9.79,80.02,85.19,0.1134,625.0
9.8,80.02,85.19,0.0452,661.0
9.81,80.02,85.19,-0.0335,703.0
9.82,80.02,85.02,-0.1155,749.0
9.83,80.02,84.93,-0.1729,780.0
9.84,80.02,84.84,-0.2378,800.0
9.85,80.02,84.67,-0.2687,800.0
9.86,80.02,84.49,-0.2868,800.0
9.87,80.02,84.32,-0.2793,800.0
9.88,80.02,84.23,-0.2613,800.0
9.89,80.02,84.05,-0.2219,800.0
9.9,80.02,83.96,-0.1697,792.0
9.91,80.02,83.96,-0.108,759.0
9.92,80.02,83.96,-0.0261,716.0
9.93,80.02,83.96,0.0484,677.0
9.94,80.02,84.05,0.1229,636.0
9.95,80.02,84.14,0.19,599.0
9.96,80.02,84.32,0.2474,567.0
9.97,80.02,84.49,0.2783,548.0
9.98,80.02,84.67,0.2879,546.0
9.99,80.02,84.84,0.2858,546.0
10.0,80.02,84.93,0.2538,555.0
10.01,80.02,85.02,0.2102,577.0
10.02,80.02,85.11,0.1485,608.0
10.03,80.02,85.19,0.0718,647.0
10.04,80.02,85.11,0.0027,685.0
10.05,80.02,85.11,-0.0729,725.0
10.06,80.02,84.93,-0.1453,765.0
10.07,80.02,84.84,-0.1963,794.0
10.08,80.02,84.76,-0.2432,800.0
10.09,80.02,84.58,-0.2559,800.0
10.1,80.02,84.4,-0.2676,800.0
10.11,80.02,84.23,-0.2496,800.0
10.12,80.02,84.14,-0.2166,800.0
10.13,80.02,84.05,-0.174,793.0
10.14,80.02,84.05,-0.1155,762.0
10.15,80.02,83.96,-0.0484,728.0
10.16,80.02,84.05,0.0218,689.0
10.17,80.02,84.05,0.0899,653.0
10.18,80.02,84.23,0.1549,617.0
10.19,80.02,84.32,0.207,588.0
10.2,80.02,84.49,0.2453,565.0
10.21,80.02,84.58,0.2623,555.0
10.22,80.02,84.76,0.2709,548.0
10.23,80.02,84.93,0.2411,562.0
10.24,80.02,85.02,0.2113,576.0
10.25,80.02,85.11,0.1495,607.0
10.26,80.02,85.11,0.0899,639.0
10.27,80.02,85.11,0.0154,678.0
10.28,80.02,85.02,-0.0622,720.0
10.29,80.02,84.93,-0.1187,751.0
10.3,80.02,84.84,-0.1889,790.0
10.31,80.02,84.76,-0.2251,800.0
10.32,80.02,84.58,-0.2538,800.0
10.33,80.02,84.4,-0.2549,800.0
10.34,80.02,84.32,-0.2453,800.0
10.35,80.02,84.23,-0.2155,800.0
10.36,80.02,84.05,-0.1676,789.0
10.37,80.02,84.05,-0.1155,762.0
10.38,80.02,84.05,-0.0484,726.0
10.39,80.02,84.05,0.0271,687.0
10.4,80.02,84.14,0.1048,644.0
10.41,80.02,84.23,0.1729,607.0
10.42,80.02,84.4,0.2294,575.0
10.43,80.02,84.49,0.2772,549.0
10.44,80.02,84.76,0.2932,546.0
10.45,80.02,84.84,0.2911,546.0
10.46,80.02,85.02,0.2709,546.0
10.47,80.02,85.11,0.224,568.0
10.48,80.02,85.19,0.1644,598.0
10.49,80.02,85.28,0.0974,632.0
10.5,80.02,85.28,0.0101,679.0
10.51,80.02,85.19,-0.0718,723.0
10.52,80.02,85.11,-0.1612,771.0
10.53,80.02,84.93,-0.2198,800.0
10.54,80.02,84.76,-0.2708,800.0
10.55,80.02,84.58,-0.2985,800.0
10.56,80.02,84.4,-0.3145,800.0
10.57,80.02,84.23,-0.3006,800.0
10.58,80.02,84.14,-0.273,800.0
10.59,80.02,83.96,-0.2293,800.0
10.6,80.02,83.88,-0.1687,792.0
10.61,80.02,83.88,-0.1016,757.0
10.62,80.02,83.88,-0.0239,716.0
10.63,80.02,83.88,0.0527,675.0
10.64,80.02,83.96,0.1293,634.0
10.65,80.02,84.14,0.2017,593.0
10.66,80.02,84.23,0.2538,565.0
10.67,80.02,84.4,0.2868,546.0
10.68,80.02,84.58,0.3007,546.0
10.69,80.02,84.76,0.2847,546.0
10.7,80.02,84.84,0.2538,556.0
10.71,80.02,85.02,0.1953,584.0
10.72,80.02,85.02,0.1421,613.0
10.73,80.02,85.11,0.0538,658.0
10.74,80.02,85.02,-0.0229,700.0
10.75,80.02,84.93,-0.0952,739.0
10.76,80.02,84.84,-0.1751,782.0
10.77,80.02,84.76,-0.2272,800.0
10.78,80.02,84.58,-0.2708,800.0
10.79,80.02,84.4,-0.2815,800.0
10.8,80.02,84.23,-0.2847,800.0
10.81,80.02,84.05,-0.2676,800.0
10.82,80.02,83.96,-0.2325,800.0
10.83,80.02,83.88,-0.1857,800.0
10.84,80.02,83.79,-0.125,771.0
10.85,80.02,83.79,-0.0548,733.0
10.86,80.02,83.79,0.024,692.0
10.87,80.02,83.88,0.1006,650.0
10.88,80.02,84.05,0.1687,612.0
10.89,80.02,84.14,0.2304,578.0
10.9,80.02,84.32,0.2772,551.0
10.91,80.02,84.49,0.3028,546.0
10.92,80.02,84.67,0.3049,547.0
10.93,80.02,84.84,0.2868,546.0
10.94,80.02,84.93,0.2506,556.0
10.95,80.02,85.02,0.1889,588.0
10.96,80.02,85.11,0.1229,621.0
10.97,80.02,85.11,0.0399,665.0
10.98,80.02,85.02,-0.0356,706.0
10.99,80.02,84.93,-0.1144,749.0
11.0,80.02,84.84,-0.1878,789.0
11.01,80.02,84.76,-0.2336,800.0
11.02,80.02,84.49,-0.2793,800.0
11.03,80.02,84.4,-0.2889,800.0
11.04,80.02,84.23,-0.2911,800.0
11.05,80.02,84.05,-0.2708,800.0
11.06,80.02,83.96,-0.2325,800.0
11.07,80.02,83.88,-0.1825,800.0
11.08,80.02,83.79,-0.1208,768.0
11.09,80.02,83.79,-0.0473,730.0
11.1,80.02,83.79,0.0314,688.0
11.11,80.02,83.88,0.1091,646.0
11.12,80.02,83.96,0.1868,604.0
11.13,80.02,84.14,0.2411,572.0
11.14,80.02,84.32,0.2815,549.0
11.15,80.02,84.49,0.307,547.0
11.16,80.02,84.67,0.2975,546.0
11.17,80.02,84.84,0.2826,546.0
11.18,80.02,84.93,0.2315,567.0
11.19,80.02,85.02,0.1804,592.0
11.2,80.02,85.11,0.1059,630.0
11.21,80.02,85.11,0.0229,674.0
11.22,80.02,85.02,-0.0527,715.0
11.23,80.02,84.93,-0.1304,758.0
11.24,80.02,84.84,-0.1942,793.0
11.25,80.02,84.67,-0.2496,800.0
11.26,80.02,84.49,-0.2804,800.0
11.27,80.02,84.32,-0.29,800.0
11.28,80.02,84.23,-0.2793,800.0
11.29,80.02,84.05,-0.257,800.0
11.3,80.02,83.88,-0.2187,800.0
11.31,80.02,83.79,-0.1623,790.0
11.32,80.02,83.79,-0.0984,756.0
11.33,80.02,83.79,-0.0271,719.0
11.34,80.02,83.79,0.0495,678.0
11.35,80.02,83.88,0.1229,638.0
11.36,80.02,84.05,0.1889,601.0
11.37,80.02,84.23,0.2421,571.0
11.38,80.02,84.32,0.2804,549.0
11.39,80.02,84.49,0.2975,546.0
11.4,80.02,84.67,0.2879,546.0
11.41,80.02,84.84,0.2687,548.0
11.42,80.02,84.93,0.2176,574.0
11.43,80.02,85.02,0.1612,602.0
11.44,80.02,85.02,0.0857,642.0
11.45,80.02,85.02,0.0016,687.0
11.46,80.02,84.93,-0.0612,721.0
11.47,80.02,84.84,-0.1442,766.0
11.48,80.02,84.76,-0.2049,799.0
11.49,80.02,84.58,-0.2432,800.0
11.5,80.02,84.4,-0.274,800.0
11.51,80.02,84.32,-0.2804,800.0
11.52,80.02,84.14,-0.2687,800.0
11.53,80.02,84.05,-0.2453,800.0
11.54,80.02,83.88,-0.2006,800.0
11.55,80.02,83.79,-0.1463,782.0
11.56,80.02,83.79,-0.0825,748.0
11.57,80.02,83.79,-0.0112,710.0
11.58,80.02,83.88,0.0655,669.0
11.59,80.02,83.96,0.14,628.0
11.6,80.02,84.05,0.2027,594.0
11.61,80.02,84.23,0.2453,569.0
11.62,80.02,84.4,0.274,551.0
11.63,80.02,84.58,0.2879,546.0
11.64,80.02,84.76,0.274,547.0
11.65,80.02,84.84,0.2464,560.0
11.66,80.02,84.93,0.1921,587.0
11.67,80.02,85.02,0.1293,619.0
11.68,80.02,85.02,0.0548,659.0
11.69,80.02,84.93,-0.0293,704.0
11.7,80.02,84.84,-0.0963,741.0
11.71,80.02,84.76,-0.1836,788.0
11.72,80.02,84.67,-0.2336,800.0
11.73,80.02,84.49,-0.2719,800.0
11.74,80.02,84.32,-0.2825,800.0
11.75,80.02,84.14,-0.2815,800.0
11.76,80.02,83.96,-0.2623,800.0
11.77,80.02,83.88,-0.2261,800.0
11.78,80.02,83.79,-0.1729,796.0
11.79,80.02,83.7,-0.1123,765.0
11.8,80.02,83.7,-0.041,727.0
11.81,80.02,83.7,0.0357,687.0
11.82,80.02,83.79,0.1123,645.0
11.83,80.02,83.96,0.1804,607.0
11.84,80.02,84.14,0.2368,575.0
